{
    "loss": 0.4529028534889221,
    "accuracy": 0.9051724076271057
}