{
    "loss": 1.4673974514007568,
    "accuracy": 0.818965494632721
}